Saison,Runde,Fahrer_ID,Startplatz,Q1,Q2,Q3
2023,1,max_verstappen,1,91295,90503,89708
2023,1,perez,2,91479,90746,89846
2023,1,leclerc,3,91094,90282,90000
2023,1,sainz,4,90993,90515,90154
2023,1,alonso,5,91158,90645,90336
2023,1,russell,6,91057,90507,90340
2023,1,hamilton,7,91543,90513,90384
2023,1,stroll,8,91184,91127,90836
2023,1,ocon,9,91508,90914,90984
2023,1,hulkenberg,10,91204,90809,
2023,1,norris,11,91652,91381,
2023,1,bottas,12,91504,91443,
2023,1,zhou,13,91615,91473,
2023,1,tsunoda,14,91400,92510,
2023,1,albon,15,91461,,
2023,1,sargeant,16,91652,,
2023,1,kevin_magnussen,17,91892,,
2023,1,piastri,18,92101,,
2023,1,de_vries,19,92121,,
2023,1,gasly,20,92181,,
2023,2,perez,1,89244,88635,88265
2023,2,leclerc,2,89376,88903,88420
2023,2,alonso,3,89298,88757,88730
2023,2,russell,4,89592,89132,88857
2023,2,sainz,5,89411,88957,88931
2023,2,stroll,6,89335,88962,88945
2023,2,ocon,7,89707,89255,89078
2023,2,hamilton,8,89689,89374,89223
2023,2,piastri,9,89706,89378,89243
2023,2,gasly,10,89890,89411,89357
2023,2,hulkenberg,11,89547,89451,
2023,2,zhou,12,89654,89461,
2023,2,kevin_magnussen,13,89744,89634,
2023,2,bottas,14,89929,89668,
2023,2,max_verstappen,15,88761,109953,
2023,2,tsunoda,16,89939,,
2023,2,albon,17,89994,,
2023,2,de_vries,18,90244,,
2023,2,norris,19,90447,,
2023,2,sargeant,20,128510,,
2023,3,max_verstappen,1,77384,77056,76732
2023,3,russell,2,77654,77513,76968
2023,3,hamilton,3,77689,77551,77104
2023,3,alonso,4,77832,77283,77139
2023,3,sainz,5,77928,77349,77270
2023,3,stroll,6,77873,77616,77308
2023,3,leclerc,7,78218,77390,77369
2023,3,albon,8,77962,77761,77609
2023,3,gasly,9,78312,77574,77675
2023,3,hulkenberg,10,78029,77412,77735
2023,3,ocon,11,77770,77768,
2023,3,tsunoda,12,78471,78099,
2023,3,norris,13,78243,78119,
2023,3,kevin_magnussen,14,78159,78129,
2023,3,de_vries,15,78450,78335,
2023,3,piastri,16,78517,,
2023,3,zhou,17,78540,,
2023,3,sargeant,18,78557,,
2023,3,bottas,19,78714,,
2023,3,perez,20,,,
2023,4,leclerc,1,101269,101037,100203
2023,4,max_verstappen,2,101398,100822,100391
2023,4,perez,3,101131,101131,100495
2023,4,sainz,4,102197,101016,101016
2023,4,hamilton,5,102113,101177,101177
2023,4,alonso,6,101720,101370,101253
2023,4,norris,7,102154,101485,101281
2023,4,tsunoda,8,102234,101569,101581
2023,4,stroll,9,102524,101576,101611
2023,4,piastri,10,102455,101636,101611
2023,4,russell,11,102073,101654,
2023,4,ocon,12,102622,101798,
2023,4,albon,13,102171,101818,
2023,4,bottas,14,102582,102259,
2023,4,sargeant,15,102242,102395,
2023,4,zhou,16,102642,,
2023,4,hulkenberg,17,102755,,
2023,4,kevin_magnussen,18,103417,,
2023,4,gasly,19,104853,,
2023,4,de_vries,20,115282,,
2023,5,perez,1,87713,87328,86841
2023,5,alonso,2,88179,87097,87202
2023,5,sainz,3,87686,87148,87349
2023,5,kevin_magnussen,4,87809,87673,87767
2023,5,gasly,5,88061,87612,87786
2023,5,russell,6,88086,87743,87804
2023,5,leclerc,7,87713,86964,87861
2023,5,ocon,8,87872,87444,87935
2023,5,max_verstappen,9,87363,86814,
2023,5,bottas,10,87864,87564,
2023,5,albon,11,88234,87795,
2023,5,hulkenberg,12,87945,87903,
2023,5,hamilton,13,87846,87975,
2023,5,zhou,14,88180,88091,
2023,5,de_vries,15,88325,88395,
2023,5,norris,16,88394,,
2023,5,tsunoda,17,88429,,
2023,5,stroll,18,88476,,
2023,5,piastri,19,88484,,
2023,5,sargeant,20,88577,,
2023,6,max_verstappen,1,72386,71908,71365
2023,6,alonso,2,72886,72107,71449
2023,6,leclerc,3,72912,72103,71471
2023,6,ocon,4,72967,72248,71553
2023,6,sainz,5,72717,72210,71630
2023,6,hamilton,6,72872,72156,71725
2023,6,gasly,7,73033,72169,71933
2023,6,russell,8,72769,72151,71964
2023,6,tsunoda,9,72642,72249,72082
2023,6,norris,10,72877,72377,72254
2023,6,piastri,11,73006,72395,
2023,6,de_vries,12,73054,72428,
2023,6,albon,13,72706,72527,
2023,6,stroll,14,72722,72623,
2023,6,bottas,15,73038,72625,
2023,6,sargeant,16,73113,,
2023,6,kevin_magnussen,17,73270,,
2023,6,hulkenberg,18,73279,,
2023,6,zhou,19,73523,,
2023,6,perez,20,73850,,
2023,7,max_verstappen,1,73615,72760,72272
2023,7,sainz,2,73411,72790,72734
2023,7,norris,3,73295,72776,72792
2023,7,gasly,4,73471,73186,72816
2023,7,hamilton,5,72937,72999,72818
2023,7,stroll,6,73766,73082,72994
2023,7,ocon,7,73433,73001,73083
2023,7,hulkenberg,8,73420,73283,73229
2023,7,alonso,9,73747,73098,73507
2023,7,piastri,10,73691,73059,73682
2023,7,perez,11,73874,73334,
2023,7,russell,12,73326,73447,
2023,7,zhou,13,73677,73521,
2023,7,de_vries,14,73581,74083,
2023,7,tsunoda,15,73862,74477,
2023,7,bottas,16,73977,,
2023,7,kevin_magnussen,17,74042,,
2023,7,albon,18,74063,,
2023,7,leclerc,19,74079,,
2023,7,sargeant,20,74699,,
2023,8,max_verstappen,1,80851,79092,85858
2023,8,hulkenberg,2,82730,80305,87102
2023,8,alonso,3,81481,79776,87286
2023,8,hamilton,4,81554,80426,87627
2023,8,russell,5,81798,80098,87893
2023,8,ocon,6,82114,80406,87945
2023,8,norris,7,81998,79347,88046
2023,8,sainz,8,82248,79856,89294
2023,8,piastri,9,82190,79659,91349
2023,8,albon,10,81938,78725,
2023,8,leclerc,11,81843,80615,
2023,8,perez,12,82151,80959,
2023,8,stroll,13,82677,81484,
2023,8,kevin_magnussen,14,82351,81678,
2023,8,bottas,15,82332,81821,
2023,8,tsunoda,16,82746,,
2023,8,gasly,17,82886,,
2023,8,de_vries,18,83137,,
2023,8,sargeant,19,83337,,
2023,8,zhou,20,83342,,
2023,9,max_verstappen,1,65116,64951,64391
2023,9,leclerc,2,65577,65087,64439
2023,9,sainz,3,65339,64975,64581
2023,9,norris,4,65617,65038,64658
2023,9,hamilton,5,65673,65188,64819
2023,9,stroll,6,65710,65121,64893
2023,9,alonso,7,65655,65181,64911
2023,9,hulkenberg,8,65740,65362,65090
2023,9,gasly,9,65515,65308,65170
2023,9,albon,10,65673,65387,65823
2023,9,russell,11,65686,65428,
2023,9,ocon,12,65729,65453,
2023,9,piastri,13,65683,65605,
2023,9,bottas,14,65763,65680,
2023,9,perez,15,65177,126688,
2023,9,tsunoda,16,65784,,
2023,9,zhou,17,65818,,
2023,9,sargeant,18,65948,,
2023,9,kevin_magnussen,19,65971,,
2023,9,de_vries,20,65974,,
2023,10,max_verstappen,1,89428,87702,86720
2023,10,norris,2,88917,88042,86961
2023,10,piastri,3,89874,87845,87092
2023,10,leclerc,4,89143,88361,87136
2023,10,sainz,5,89865,88265,87148
2023,10,russell,6,89412,88782,87155
2023,10,hamilton,7,89415,88545,87211
2023,10,albon,8,89466,88067,87530
2023,10,alonso,9,89949,88368,87659
2023,10,gasly,10,89533,88751,87689
2023,10,hulkenberg,11,89603,88896,
2023,10,stroll,12,89448,88935,
2023,10,ocon,13,89700,88956,
2023,10,sargeant,14,89873,89031,
2023,10,perez,15,89968,,
2023,10,bottas,15,89798,,
2023,10,tsunoda,16,90025,,
2023,10,zhou,17,90123,,
2023,10,de_vries,18,90513,,
2023,10,kevin_magnussen,19,92378,,
2023,11,hamilton,1,78577,77427,76609
2023,11,max_verstappen,2,78318,77547,76612
2023,11,norris,3,78697,77328,76694
2023,11,piastri,4,78464,77571,76905
2023,11,zhou,5,78143,77700,76971
2023,11,leclerc,6,78440,77580,76992
2023,11,bottas,7,78775,77563,77034
2023,11,alonso,8,78580,77701,77035
2023,11,perez,9,78360,77675,77045
2023,11,hulkenberg,10,78695,77652,77186
2023,11,sainz,11,78393,77703,
2023,11,ocon,12,78854,77841,
2023,11,ricciardo,13,78906,78002,
2023,11,stroll,14,78782,78144,
2023,11,gasly,15,78743,78217,
2023,11,albon,16,78917,,
2023,11,tsunoda,17,78919,,
2023,11,russell,18,79027,,
2023,11,kevin_magnussen,19,79206,,
2023,11,sargeant,20,79248,,
2023,12,max_verstappen,1,118515,112784,106168
2023,12,leclerc,2,118300,112017,106988
2023,12,perez,3,118899,112353,107045
2023,12,hamilton,4,118563,112345,107087
2023,12,sainz,5,118688,111711,107152
2023,12,piastri,6,118872,111534,107365
2023,12,norris,7,119981,112252,107669
2023,12,russell,8,119035,112605,107805
2023,12,alonso,9,118834,112751,107843
2023,12,stroll,10,119663,112193,108841
2023,12,tsunoda,11,119044,113148,
2023,12,gasly,12,119511,113671,
2023,12,kevin_magnussen,13,120020,114160,
2023,12,bottas,14,119484,114694,
2023,12,ocon,15,119634,116372,
2023,12,albon,16,120314,,
2023,12,zhou,17,120832,,
2023,12,sargeant,18,121535,,
2023,12,ricciardo,19,122159,,
2023,12,hulkenberg,20,123166,,
2023,13,max_verstappen,1,80965,78856,70567
2023,13,norris,2,81276,79769,71104
2023,13,russell,3,81345,79620,71294
2023,13,albon,4,80939,79399,71419
2023,13,alonso,5,81840,79429,71506
2023,13,sainz,6,81321,79929,71754
2023,13,perez,7,81972,79856,71880
2023,13,piastri,8,81231,79392,71938
2023,13,leclerc,9,82019,79600,72665
2023,13,sargeant,10,82036,80067,76748
2023,13,stroll,11,81570,80121,
2023,13,gasly,12,81735,80128,
2023,13,hamilton,13,81919,80151,
2023,13,tsunoda,14,81781,80230,
2023,13,hulkenberg,15,81891,80250,
2023,13,zhou,16,82067,,
2023,13,ocon,17,82110,,
2023,13,kevin_magnussen,18,82192,,
2023,13,bottas,19,82260,,
2023,13,lawson,20,83420,,
2023,14,sainz,1,81965,80991,80294
2023,14,max_verstappen,2,81573,80937,80307
2023,14,leclerc,3,81788,80977,80361
2023,14,russell,4,82148,81382,80671
2023,14,perez,5,81911,81240,80688
2023,14,albon,6,81661,81272,80760
2023,14,piastri,7,82106,81527,80785
2023,14,hamilton,8,81977,81369,80820
2023,14,norris,9,81995,81581,80979
2023,14,alonso,10,82043,81543,81417
2023,14,tsunoda,11,81852,81594,
2023,14,lawson,12,82112,81758,
2023,14,hulkenberg,13,82343,81776,
2023,14,bottas,14,82249,81940,
2023,14,sargeant,15,81930,81944,
2023,14,zhou,16,82390,,
2023,14,gasly,17,82545,,
2023,14,ocon,18,82548,,
2023,14,kevin_magnussen,19,82592,,
2023,14,stroll,20,82860,,
2023,15,sainz,1,92339,91439,90984
2023,15,russell,2,92331,91743,91056
2023,15,leclerc,3,92406,92012,91063
2023,15,norris,4,92483,91951,91270
2023,15,hamilton,5,92651,92019,91485
2023,15,kevin_magnussen,6,92242,91892,91575
2023,15,alonso,7,92584,91835,91615
2023,15,ocon,8,92369,92089,91673
2023,15,hulkenberg,9,92100,91994,91808
2023,15,lawson,10,92215,92166,92268
2023,15,max_verstappen,11,92398,92173,
2023,15,gasly,12,92452,92274,
2023,15,perez,13,92099,92310,
2023,15,albon,14,92668,93719,
2023,15,tsunoda,15,91991,,
2023,15,bottas,16,92809,,
2023,15,piastri,17,92902,,
2023,15,sargeant,18,93252,,
2023,15,zhou,19,93258,,
2023,15,stroll,20,93397,,
2023,16,max_verstappen,1,89878,89964,88877
2023,16,piastri,2,90439,90122,89458
2023,16,norris,3,90063,90296,89493
2023,16,leclerc,4,90393,89940,89542
2023,16,perez,5,90652,89965,89650
2023,16,sainz,6,90651,90067,89850
2023,16,hamilton,7,90811,90040,89908
2023,16,russell,8,90811,90268,90219
2023,16,tsunoda,9,90733,90204,90303
2023,16,alonso,10,90971,90465,90560
2023,16,lawson,11,90425,90508,
2023,16,gasly,12,90843,90509,
2023,16,albon,13,90941,90537,
2023,16,ocon,14,90960,90586,
2023,16,kevin_magnussen,15,90976,90665,
2023,16,bottas,16,91049,,
2023,16,stroll,17,91181,,
2023,16,hulkenberg,18,91299,,
2023,16,zhou,19,91398,,
2023,16,sargeant,20,,,
2023,17,max_verstappen,1,85007,84483,83778
2023,17,russell,2,85334,84827,84219
2023,17,hamilton,3,86076,84381,84305
2023,17,alonso,4,85223,85241,84369
2023,17,leclerc,5,85452,85079,84424
2023,17,piastri,6,85266,84724,84540
2023,17,gasly,7,85566,84918,84553
2023,17,ocon,8,85711,84928,84763
2023,17,bottas,9,86038,85297,85058
2023,17,norris,10,85131,84685,
2023,17,tsunoda,11,86058,85301,
2023,17,sainz,12,85808,85328,
2023,17,perez,13,85991,85462,
2023,17,albon,14,86118,85707,
2023,17,hulkenberg,15,85904,85783,
2023,17,sargeant,16,86210,,
2023,17,stroll,17,86345,,
2023,17,lawson,18,86635,,
2023,17,kevin_magnussen,19,87046,,
2023,17,zhou,20,87432,,
2023,18,leclerc,1,96061,95004,94723
2023,18,norris,2,95110,95441,94853
2023,18,hamilton,3,95091,95240,94862
2023,18,sainz,4,95824,95302,94945
2023,18,russell,5,96165,95606,95079
2023,18,max_verstappen,6,95346,95008,95081
2023,18,gasly,7,96158,95496,95089
2023,18,ocon,8,96131,95413,95154
2023,18,perez,9,95989,95679,95173
2023,18,piastri,10,96064,95576,95467
2023,18,tsunoda,11,95913,95697,
2023,18,zhou,12,96052,95698,
2023,18,bottas,13,96082,95858,
2023,18,kevin_magnussen,14,96009,95880,
2023,18,ricciardo,15,96213,95974,
2023,18,hulkenberg,16,96235,,
2023,18,alonso,17,96268,,
2023,18,albon,18,96315,,
2023,18,stroll,19,96589,,
2023,18,sargeant,20,96827,,
2023,19,leclerc,1,78401,77901,77166
2023,19,sainz,2,78755,78382,77233
2023,19,max_verstappen,3,78099,77625,77263
2023,19,ricciardo,4,78341,77706,77382
2023,19,perez,5,78553,78124,77423
2023,19,hamilton,6,78677,77571,77454
2023,19,piastri,7,78241,77874,77623
2023,19,russell,8,78893,77673,77674
2023,19,bottas,9,78429,78016,78032
2023,19,zhou,10,79016,78440,78050
2023,19,gasly,11,78945,78521,
2023,19,hulkenberg,12,78969,78524,
2023,19,alonso,13,78848,78738,
2023,19,albon,14,78828,79147,
2023,19,tsunoda,15,78890,,
2023,19,ocon,16,79080,,
2023,19,kevin_magnussen,17,79163,,
2023,19,stroll,18,79227,,
2023,19,norris,19,81554,,
2023,19,sargeant,20,,,
2023,20,max_verstappen,1,70436,70162,70727
2023,20,leclerc,2,70472,70303,71021
2023,20,stroll,3,70551,70375,71344
2023,20,alonso,4,70557,70237,71387
2023,20,hamilton,5,70604,70266,71469
2023,20,russell,6,70340,70316,71590
2023,20,norris,7,70623,70021,71987
2023,20,sainz,8,70624,70254,71989
2023,20,perez,9,70668,70219,72321
2023,20,piastri,10,70519,70330,
2023,20,hulkenberg,11,70475,70547,
2023,20,ocon,12,70763,70562,
2023,20,gasly,13,70793,70567,
2023,20,kevin_magnussen,14,70602,70723,
2023,20,albon,15,70621,70840,
2023,20,tsunoda,16,70837,,
2023,20,ricciardo,17,70843,,
2023,20,bottas,18,70955,,
2023,20,sargeant,19,71035,,
2023,20,zhou,20,71275,,
2023,21,leclerc,1,93617,92775,92726
2023,21,sainz,2,93851,93338,92770
2023,21,max_verstappen,3,94190,93572,93104
2023,21,russell,4,94137,93351,93112
2023,21,gasly,5,94272,93494,93239
2023,21,albon,6,94634,93588,93323
2023,21,sargeant,7,94525,93733,93513
2023,21,bottas,8,94305,93809,93525
2023,21,kevin_magnussen,9,94337,93664,93537
2023,21,alonso,10,94422,93617,93555
2023,21,hamilton,11,94307,93837,
2023,21,perez,12,94574,93855,
2023,21,hulkenberg,13,94265,93979,
2023,21,stroll,14,94504,94199,
2023,21,ricciardo,15,94683,94308,
2023,21,norris,16,94703,,
2023,21,ocon,17,94834,,
2023,21,zhou,18,94849,,
2023,21,piastri,19,94850,,
2023,21,tsunoda,20,96447,,
2023,22,max_verstappen,1,84160,83740,83445
2023,22,leclerc,2,84459,83969,83584
2023,22,piastri,3,84487,84278,83782
2023,22,russell,4,84337,84013,83788
2023,22,norris,5,84368,83920,83816
2023,22,tsunoda,6,84286,84207,83968
2023,22,alonso,7,84501,84131,84084
2023,22,hulkenberg,8,84425,84213,84108
2023,22,perez,9,84209,84116,84171
2023,22,gasly,10,84600,84078,84548
2023,22,hamilton,11,84437,84359,
2023,22,ocon,12,84565,84391,
2023,22,stroll,13,84405,84422,
2023,22,albon,14,84298,84439,
2023,22,ricciardo,15,84461,84442,
2023,22,sainz,16,84738,,
2023,22,kevin_magnussen,17,84764,,
2023,22,bottas,18,84788,,
2023,22,zhou,19,85159,,
2023,22,sargeant,20,,,
2024,1,max_verstappen,1,90031,89374,89179
2024,1,leclerc,2,90243,89165,89407
2024,1,russell,3,90350,89922,89485
2024,1,sainz,4,89909,89573,89507
2024,1,perez,5,90221,89932,89537
2024,1,alonso,6,90179,89801,89542
2024,1,norris,7,90143,89941,89614
2024,1,piastri,8,90531,90122,89683
2024,1,hamilton,9,90451,89718,89710
2024,1,hulkenberg,10,90566,89851,90502
2024,1,tsunoda,11,90481,90129,
2024,1,stroll,12,89965,90200,
2024,1,albon,13,90397,90221,
2024,1,ricciardo,14,90562,90278,
2024,1,kevin_magnussen,15,90646,90529,
2024,1,bottas,16,90756,,
2024,1,zhou,17,90757,,
2024,1,sargeant,18,90770,,
2024,1,ocon,19,90793,,
2024,1,gasly,20,90948,,
2024,2,max_verstappen,1,88171,88033,87472
2024,2,leclerc,2,88318,88112,87791
2024,2,perez,3,88638,88467,87807
2024,2,alonso,4,88706,88122,87846
2024,2,piastri,5,88755,88343,88089
2024,2,norris,6,88805,88479,88132
2024,2,russell,7,88749,88448,88316
2024,2,hamilton,8,88994,88606,88460
2024,2,tsunoda,9,88988,88564,88547
2024,2,stroll,10,88250,88578,88572
2024,2,bearman,11,88984,88642,
2024,2,albon,12,89107,88980,
2024,2,kevin_magnussen,13,89069,89020,
2024,2,ricciardo,14,89065,89025,
2024,2,hulkenberg,15,89055,,
2024,2,bottas,16,89179,,
2024,2,ocon,17,89475,,
2024,2,gasly,18,89479,,
2024,2,sargeant,19,89526,,
2024,2,zhou,20,,,
2024,3,max_verstappen,1,76819,76387,75915
2024,3,sainz,2,76731,76189,76185
2024,3,perez,3,76805,76631,76274
2024,3,norris,4,77430,76750,76315
2024,3,leclerc,5,76984,76304,76435
2024,3,piastri,6,77369,76601,76572
2024,3,russell,7,77062,76901,76724
2024,3,tsunoda,8,77356,76791,76788
2024,3,stroll,9,77376,76780,77072
2024,3,alonso,10,76991,76710,77552
2024,3,hamilton,11,77499,76960,
2024,3,albon,12,77130,77167,
2024,3,bottas,13,77543,77340,
2024,3,kevin_magnussen,14,77709,77427,
2024,3,ocon,15,77617,77697,
2024,3,hulkenberg,16,77976,,
2024,3,gasly,17,77982,,
2024,3,ricciardo,18,78085,,
2024,3,zhou,19,78188,,
2024,4,max_verstappen,1,88866,88740,88197
2024,4,perez,2,89303,88752,88263
2024,4,norris,3,89536,88940,88489
2024,4,sainz,4,89513,89099,88682
2024,4,alonso,5,89254,89082,88686
2024,4,piastri,6,89425,89148,88760
2024,4,hamilton,7,89661,88887,88766
2024,4,leclerc,8,89338,89196,88786
2024,4,russell,9,89799,89140,89008
2024,4,tsunoda,10,89775,89417,89413
2024,4,ricciardo,11,89727,89472,
2024,4,hulkenberg,12,89821,89494,
2024,4,bottas,13,89602,89593,
2024,4,albon,14,89963,89714,
2024,4,ocon,15,89811,89816,
2024,4,stroll,16,90024,,
2024,4,gasly,17,90119,,
2024,4,kevin_magnussen,18,90131,,
2024,4,sargeant,19,90139,,
2024,4,zhou,20,90143,,
2024,5,max_verstappen,1,94742,93794,93660
2024,5,perez,2,95457,94026,93982
2024,5,alonso,3,95116,94652,94148
2024,5,norris,4,94842,94460,94165
2024,5,piastri,5,95014,94659,94273
2024,5,leclerc,6,94797,94399,94289
2024,5,sainz,7,94970,94368,94297
2024,5,russell,8,95084,94609,94433
2024,5,hulkenberg,9,95068,94667,94604
2024,5,bottas,10,95169,94769,94665
2024,5,stroll,11,95334,94838,
2024,5,ricciardo,12,95443,94934,
2024,5,ocon,13,95356,95223,
2024,5,albon,14,95384,95241,
2024,5,gasly,15,95287,95463,
2024,5,zhou,16,95505,,
2024,5,kevin_magnussen,17,95516,,
2024,5,hamilton,18,95573,,
2024,5,tsunoda,19,95746,,
2024,5,sargeant,20,96358,,
2024,6,max_verstappen,1,87689,87566,87241
2024,6,leclerc,2,88081,87533,87382
2024,6,sainz,3,87937,87941,87455
2024,6,perez,4,87772,87839,87460
2024,6,norris,5,87913,87871,87594
2024,6,piastri,6,88032,87721,87675
2024,6,russell,7,88159,88095,88067
2024,6,hamilton,8,88167,87697,88107
2024,6,hulkenberg,9,88383,88200,88146
2024,6,tsunoda,10,88324,88167,88192
2024,6,stroll,11,88177,88222,
2024,6,gasly,12,87976,88324,
2024,6,ocon,13,88209,88371,
2024,6,albon,14,88343,88413,
2024,6,alonso,15,88453,88427,
2024,6,bottas,16,88463,,
2024,6,sargeant,17,88487,,
2024,6,ricciardo,18,88617,,
2024,6,kevin_magnussen,19,88619,,
2024,6,zhou,20,88824,,
2024,7,max_verstappen,1,75762,75176,74746
2024,7,piastri,2,75940,75407,74820
2024,7,norris,3,75915,75371,74837
2024,7,leclerc,4,75823,75328,74970
2024,7,sainz,5,76015,75512,75233
2024,7,russell,6,76107,75671,75234
2024,7,tsunoda,7,75894,75358,75465
2024,7,hamilton,8,76604,75677,75504
2024,7,ricciardo,9,76060,75691,75674
2024,7,hulkenberg,10,75841,75569,75980
2024,7,perez,11,76404,75706,
2024,7,ocon,12,76361,75906,
2024,7,stroll,13,76458,75992,
2024,7,albon,14,76524,76200,
2024,7,gasly,15,76015,76381,
2024,7,bottas,16,76626,,
2024,7,zhou,17,76834,,
2024,7,kevin_magnussen,18,76854,,
2024,7,alonso,19,76917,,
2024,7,sargeant,20,,,
2024,8,leclerc,1,71584,70825,70270
2024,8,piastri,2,71500,70756,70424
2024,8,sainz,3,71543,71075,70518
2024,8,norris,4,71760,70732,70542
2024,8,russell,5,71492,70929,70543
2024,8,max_verstappen,6,71711,70745,70567
2024,8,hamilton,7,71528,71056,70621
2024,8,tsunoda,8,71852,71106,70858
2024,8,albon,9,71623,71216,70948
2024,8,gasly,10,71714,70896,71311
2024,8,ocon,11,71887,71285,
2024,8,ricciardo,12,71785,71482,
2024,8,stroll,13,71728,71563,
2024,8,alonso,14,72019,,
2024,8,hulkenberg,14,71876,71440,
2024,8,sargeant,15,72020,,
2024,8,kevin_magnussen,15,71832,71725,
2024,8,perez,16,72060,,
2024,8,bottas,17,72512,,
2024,8,zhou,18,73028,,
2024,9,russell,1,73013,71742,72000
2024,9,max_verstappen,2,72360,72549,72000
2024,9,norris,3,72959,72201,72021
2024,9,piastri,4,72907,72462,72103
2024,9,ricciardo,5,73240,72572,72178
2024,9,alonso,6,73117,72635,72228
2024,9,hamilton,7,72851,71979,72280
2024,9,tsunoda,8,72748,72303,72414
2024,9,stroll,9,73088,72659,72701
2024,9,albon,10,72896,72485,72796
2024,9,leclerc,11,73107,72691,
2024,9,sainz,12,73038,72728,
2024,9,sargeant,13,73063,72736,
2024,9,kevin_magnussen,14,73217,72916,
2024,9,gasly,15,73289,72940,
2024,9,perez,16,73326,,
2024,9,bottas,17,73366,,
2024,9,ocon,18,73435,,
2024,9,hulkenberg,19,73978,,
2024,9,zhou,20,74292,,
2024,10,norris,1,72386,71872,71383
2024,10,max_verstappen,2,72306,71653,71403
2024,10,hamilton,3,72143,71792,71701
2024,10,russell,4,72456,71812,71703
2024,10,leclerc,5,72257,72038,71731
2024,10,sainz,6,72403,71874,71736
2024,10,gasly,7,72651,72079,71857
2024,10,perez,8,72477,72054,72061
2024,10,ocon,9,72691,72109,72125
2024,10,piastri,10,72460,72011,
2024,10,alonso,11,72505,72128,
2024,10,bottas,12,72758,72227,
2024,10,hulkenberg,13,72708,72310,
2024,10,stroll,14,72881,72372,
2024,10,zhou,15,72880,72738,
2024,10,kevin_magnussen,16,72937,,
2024,10,tsunoda,17,72985,,
2024,10,ricciardo,18,73075,,
2024,10,albon,19,73153,,
2024,10,sargeant,20,73509,,
2024,11,max_verstappen,1,65336,64469,64314
2024,11,norris,2,65450,65103,64718
2024,11,russell,3,65585,65016,64840
2024,11,sainz,4,65263,65016,64851
2024,11,hamilton,5,65541,65053,64903
2024,11,leclerc,6,65509,65104,65044
2024,11,piastri,7,65311,65070,65048
2024,11,perez,8,65587,65144,65202
2024,11,hulkenberg,9,65596,65262,65385
2024,11,ocon,10,65574,65274,65883
2024,11,ricciardo,11,65569,65289,
2024,11,kevin_magnussen,12,65508,65347,
2024,11,gasly,13,65598,65359,
2024,11,tsunoda,14,65563,65412,
2024,11,alonso,15,65656,65639,
2024,11,albon,16,65736,,
2024,11,stroll,17,65819,,
2024,11,bottas,18,65847,,
2024,11,sargeant,19,65856,,
2024,11,zhou,20,66061,,
2024,12,russell,1,90106,86723,85819
2024,12,hamilton,2,89547,86770,85990
2024,12,norris,3,91596,86559,86030
2024,12,max_verstappen,4,91342,86796,86203
2024,12,piastri,5,90895,86733,86237
2024,12,hulkenberg,6,91929,86847,86338
2024,12,sainz,7,90557,86843,86509
2024,12,stroll,8,91410,86938,86585
2024,12,albon,9,91135,86933,86640
2024,12,alonso,10,91264,86730,86917
2024,12,leclerc,11,90496,87097,
2024,12,sargeant,12,91608,87175,
2024,12,tsunoda,13,90994,87269,
2024,12,zhou,14,91190,87867,
2024,12,ricciardo,15,91291,87949,
2024,12,bottas,16,92431,,
2024,12,kevin_magnussen,17,92905,,
2024,12,ocon,18,94557,,
2024,12,perez,19,98348,,
2024,12,gasly,20,99804,,
2024,13,norris,1,77755,75540,75227
2024,13,piastri,2,77504,75785,75249
2024,13,max_verstappen,3,77087,75770,75273
2024,13,sainz,4,77244,75885,75696
2024,13,hamilton,5,77087,76307,75854
2024,13,leclerc,6,77437,75891,75905
2024,13,alonso,7,77624,76117,76043
2024,13,stroll,8,77405,76075,76244
2024,13,ricciardo,9,77050,76202,76447
2024,13,tsunoda,10,77436,76121,76477
2024,13,hulkenberg,11,77362,76317,
2024,13,bottas,12,77487,76384,
2024,13,albon,13,77280,76429,
2024,13,sargeant,14,77770,76543,
2024,13,kevin_magnussen,15,77851,76548,
2024,13,perez,16,77886,,
2024,13,russell,17,77968,,
2024,13,zhou,18,78037,,
2024,13,ocon,19,78049,,
2024,13,gasly,20,78166,,
2024,14,max_verstappen,1,114938,113837,113159
2024,14,leclerc,2,115349,114193,113754
2024,14,perez,3,115139,114470,113765
2024,14,hamilton,4,115692,114037,113835
2024,14,norris,5,115582,114358,113981
2024,14,piastri,6,114835,114136,114027
2024,14,russell,7,115353,114095,114184
2024,14,sainz,8,115169,114112,114477
2024,14,alonso,9,115489,114258,114765
2024,14,ocon,10,115417,114460,114810
2024,14,albon,11,115722,114473,
2024,14,gasly,12,114911,114635,
2024,14,ricciardo,13,115451,114682,
2024,14,bottas,14,115531,114764,
2024,14,stroll,15,116072,115716,
2024,14,hulkenberg,16,116308,,
2024,14,kevin_magnussen,17,116500,,
2024,14,tsunoda,18,116593,,
2024,14,sargeant,19,117230,,
2024,14,zhou,20,117775,,
2024,15,norris,1,71377,70496,69673
2024,15,max_verstappen,2,71393,70811,70029
2024,15,piastri,3,71541,70505,70172
2024,15,russell,4,71049,70552,70244
2024,15,perez,5,71006,70678,70416
2024,15,leclerc,6,71370,70689,70582
2024,15,alonso,7,71493,70845,70633
2024,15,stroll,8,71518,70661,70857
2024,15,gasly,9,71718,70815,70977
2024,15,sainz,10,71327,70914,
2024,15,albon,10,,70768,70653
2024,15,hamilton,11,71375,70948,
2024,15,tsunoda,12,71603,70955,
2024,15,hulkenberg,13,71832,71215,
2024,15,kevin_magnussen,14,71630,71295,
2024,15,ricciardo,15,71943,,
2024,15,ocon,16,71995,,
2024,15,bottas,17,72168,,
2024,15,zhou,18,73261,,
2024,15,sargeant,20,,,
2024,16,norris,1,79911,79727,79327
2024,16,piastri,2,80076,79808,79436
2024,16,russell,3,80169,79877,79440
2024,16,leclerc,4,80074,80007,79461
2024,16,sainz,5,80149,79799,79467
2024,16,hamilton,6,80477,79641,79513
2024,16,max_verstappen,7,80226,79662,80022
2024,16,perez,8,80598,80216,80062
2024,16,albon,9,80542,80314,80299
2024,16,hulkenberg,10,80781,80411,80339
2024,16,alonso,11,80617,80421,
2024,16,ricciardo,12,80901,80479,
2024,16,kevin_magnussen,13,80856,80698,
2024,16,gasly,14,80748,80738,
2024,16,ocon,15,80764,80766,
2024,16,tsunoda,16,80945,,
2024,16,stroll,17,81013,,
2024,16,colapinto,18,81061,,
2024,16,bottas,19,81101,,
2024,16,zhou,20,81445,,
2024,17,leclerc,1,102775,102056,101365
2024,17,piastri,2,103033,102598,101686
2024,17,sainz,3,103357,102503,101805
2024,17,perez,4,103213,102263,101813
2024,17,russell,5,103139,102329,101874
2024,17,max_verstappen,6,103097,102042,102023
2024,17,hamilton,7,103089,102765,102289
2024,17,alonso,8,103472,102426,102369
2024,17,colapinto,9,103138,102473,102530
2024,17,albon,10,102899,102840,102859
2024,17,bearman,11,103471,102968,
2024,17,tsunoda,12,103337,103035,
2024,17,hulkenberg,13,103101,103191,
2024,17,stroll,14,103370,103404,
2024,17,gasly,15,,103179,
2024,17,ricciardo,15,103547,,
2024,17,norris,16,103609,,
2024,17,bottas,17,103618,,
2024,17,zhou,18,104246,,
2024,17,ocon,19,104504,,
2024,18,norris,1,90002,90007,89525
2024,18,max_verstappen,2,90157,89680,89728
2024,18,hamilton,3,90393,89929,89841
2024,18,russell,4,90811,90153,89867
2024,18,piastri,5,90258,89640,89953
2024,18,hulkenberg,6,90724,90150,90115
2024,18,alonso,7,90684,90450,90214
2024,18,tsunoda,8,90716,90289,90354
2024,18,leclerc,9,90786,89747,
2024,18,sainz,10,90670,90108,
2024,18,albon,11,90679,90474,
2024,18,colapinto,12,90704,90481,
2024,18,perez,13,90624,90579,
2024,18,kevin_magnussen,14,90829,90653,
2024,18,ocon,15,90958,90769,
2024,18,ricciardo,16,91085,,
2024,18,stroll,17,91094,,
2024,18,gasly,18,91312,,
2024,18,bottas,19,91572,,
2024,18,zhou,20,92054,,
2024,19,norris,1,93616,92851,92330
2024,19,max_verstappen,2,93046,92584,92361
2024,19,sainz,3,93556,92836,92652
2024,19,leclerc,4,93241,92962,92740
2024,19,piastri,5,93864,93057,92950
2024,19,russell,6,93536,93142,92974
2024,19,gasly,7,93550,93162,93018
2024,19,alonso,8,93973,93429,93309
2024,19,kevin_magnussen,9,93564,93474,93481
2024,19,perez,10,93611,93020,
2024,19,tsunoda,11,93795,93506,
2024,19,hulkenberg,12,93601,93544,
2024,19,ocon,13,93986,93597,
2024,19,stroll,14,94033,93759,
2024,19,lawson,15,93339,,
2024,19,albon,16,94051,,
2024,19,colapinto,17,94062,,
2024,19,bottas,18,94152,,
2024,19,hamilton,19,94154,,
2024,19,zhou,20,94228,,
2024,20,sainz,1,76778,76515,75946
2024,20,max_verstappen,2,76803,76514,76171
2024,20,norris,3,76505,76301,76260
2024,20,leclerc,4,76972,76641,76265
2024,20,russell,5,77194,76937,76356
2024,20,hamilton,6,77306,76973,76651
2024,20,kevin_magnussen,7,77125,77003,76886
2024,20,gasly,8,77149,77048,76892
2024,20,albon,9,77189,76988,77065
2024,20,hulkenberg,10,77186,76995,77365
2024,20,tsunoda,11,77182,77129,
2024,20,lawson,12,77380,77162,
2024,20,alonso,13,77307,77168,
2024,20,stroll,14,77407,77294,
2024,20,bottas,15,77393,77817,
2024,20,colapinto,16,77558,,
2024,20,piastri,17,77597,,
2024,20,perez,18,77611,,
2024,20,ocon,19,77617,,
2024,20,zhou,20,78072,,
2024,21,norris,1,90944,84844,83405
2024,21,russell,2,89121,86307,83578
2024,21,tsunoda,3,89172,86464,84111
2024,21,ocon,4,89171,86206,84475
2024,21,lawson,5,90758,85654,84484
2024,21,leclerc,6,89839,86097,84525
2024,21,albon,7,89072,84657,84657
2024,21,piastri,8,90114,84686,84686
2024,21,alonso,9,90207,88998,88998
2024,21,stroll,10,90580,86334,
2024,21,bottas,11,90633,86472,
2024,21,max_verstappen,12,88522,87771,
2024,21,perez,13,90035,88158,
2024,21,sainz,14,90303,89406,
2024,21,gasly,15,89420,89614,
2024,21,hamilton,16,91150,,
2024,21,bearman,17,91229,,
2024,21,colapinto,18,91270,,
2024,21,hulkenberg,19,91623,,
2024,21,zhou,20,92263,,
2024,22,russell,1,93186,92779,92312
2024,22,sainz,2,93484,92711,92410
2024,22,gasly,3,93691,92879,92664
2024,22,leclerc,4,93446,93016,92783
2024,22,max_verstappen,5,93299,93085,92797
2024,22,norris,6,93592,93099,93008
2024,22,tsunoda,7,93789,93089,93029
2024,22,piastri,8,93450,93024,93033
2024,22,hulkenberg,9,93920,93114,93062
2024,22,hamilton,10,93225,92567,108106
2024,22,ocon,11,93968,93221,
2024,22,kevin_magnussen,12,93991,93297,
2024,22,zhou,13,94079,93566,
2024,22,colapinto,14,93746,93749,
2024,22,lawson,15,94087,94257,
2024,22,perez,16,94155,,
2024,22,alonso,17,94258,,
2024,22,albon,18,94425,,
2024,22,bottas,19,94430,,
2024,22,stroll,20,94484,,
2024,23,max_verstappen,1,81579,80687,80520
2024,23,russell,2,81241,81069,80575
2024,23,norris,3,81578,80983,80772
2024,23,piastri,4,81821,81121,80829
2024,23,leclerc,5,81278,81000,80852
2024,23,hamilton,6,81637,81095,81011
2024,23,sainz,7,81447,81199,81041
2024,23,alonso,8,81608,81208,81251
2024,23,perez,9,81675,81425,81425
2024,23,kevin_magnussen,10,81891,81387,81500
2024,23,gasly,11,81843,81437,
2024,23,zhou,12,82103,81501,
2024,23,bottas,13,81927,81731,
2024,23,tsunoda,14,82364,81771,
2024,23,stroll,15,82011,81911,
2024,23,albon,16,82390,,
2024,23,lawson,17,82411,,
2024,23,hulkenberg,18,82442,,
2024,23,colapinto,19,82594,,
2024,23,ocon,20,82714,,
2024,24,norris,1,83682,83098,82595
2024,24,piastri,2,83640,83199,82804
2024,24,sainz,3,83487,82985,82824
2024,24,hulkenberg,4,83722,83040,82886
2024,24,max_verstappen,5,83516,82998,82945
2024,24,gasly,6,83548,83086,82984
2024,24,russell,7,83678,83283,83132
2024,24,alonso,8,83794,83268,83196
2024,24,bottas,9,83481,83341,83204
2024,24,perez,10,83559,83379,83264
2024,24,tsunoda,11,83735,83419,
2024,24,lawson,12,83733,83472,
2024,24,stroll,13,83729,83784,
2024,24,leclerc,14,83302,83833,
2024,24,kevin_magnussen,15,83632,83877,
2024,24,albon,16,83821,,
2024,24,zhou,17,83880,,
2024,24,hamilton,18,83887,,
2024,24,colapinto,19,83912,,
2024,24,doohan,20,84105,,
2025,1,norris,1,75912,75415,75096
2025,1,piastri,2,76062,75468,75180
2025,1,max_verstappen,3,76018,75565,75481
2025,1,russell,4,75971,75798,75546
2025,1,tsunoda,5,76225,76009,75670
2025,1,albon,6,76245,76017,75737
2025,1,leclerc,7,76029,75827,75755
2025,1,hamilton,8,76213,75919,75973
2025,1,gasly,9,76328,76112,75980
2025,1,sainz,10,76360,75931,76062
2025,1,hadjar,11,76354,76175,
2025,1,alonso,12,76288,76453,
2025,1,stroll,13,76369,76483,
2025,1,doohan,14,76315,76863,
2025,1,bortoleto,15,76516,77520,
2025,1,antonelli,16,76525,,
2025,1,hulkenberg,17,76579,,
2025,1,lawson,18,77094,,
2025,1,ocon,19,77147,,
2025,1,bearman,20,,,
2025,2,piastri,1,91591,91200,90641
2025,2,russell,2,91295,91307,90723
2025,2,norris,3,90983,90787,90793
2025,2,max_verstappen,4,91424,91142,90817
2025,2,hamilton,5,91690,91501,90927
2025,2,leclerc,6,91579,91450,91021
2025,2,hadjar,7,91162,91253,91079
2025,2,antonelli,8,91676,91590,91103
2025,2,tsunoda,9,91238,91260,91638
2025,2,albon,10,91503,91595,91706
2025,2,ocon,11,91876,91625,
2025,2,hulkenberg,12,91921,91632,
2025,2,alonso,13,91719,91688,
2025,2,stroll,14,91923,91773,
2025,2,sainz,15,91628,91840,
2025,2,gasly,16,91992,,
2025,2,bearman,17,92018,,
2025,2,doohan,18,92092,,
2025,2,bortoleto,19,92141,,
2025,2,lawson,20,92174,,
2025,3,max_verstappen,1,87943,87502,86983
2025,3,norris,2,87845,87146,86995
2025,3,piastri,3,87687,87507,87027
2025,3,leclerc,4,87920,87555,87299
2025,3,russell,5,87843,87400,87318
2025,3,antonelli,6,87968,87639,87555
2025,3,hadjar,7,88278,87775,87569
2025,3,hamilton,8,87942,87610,87610
2025,3,albon,9,88218,87783,87615
2025,3,bearman,10,88228,87711,87867
2025,3,gasly,11,88186,87822,
2025,3,sainz,12,88209,87836,
2025,3,alonso,13,88337,87897,
2025,3,lawson,14,88554,87906,
2025,3,tsunoda,15,87967,88000,
2025,3,hulkenberg,16,88570,,
2025,3,bortoleto,17,88622,,
2025,3,ocon,18,88696,,
2025,3,doohan,19,88877,,
2025,3,stroll,20,89271,,
2025,4,piastri,1,91392,90454,89841
2025,4,russell,2,91494,90664,90009
2025,4,leclerc,3,91454,90724,90175
2025,4,antonelli,4,91415,90716,90213
2025,4,gasly,5,91462,90643,90216
2025,4,norris,6,91107,90560,90267
2025,4,max_verstappen,7,91303,91019,90423
2025,4,sainz,8,91591,90844,90680
2025,4,hamilton,9,91219,91009,90772
2025,4,tsunoda,10,91751,91228,91303
2025,4,doohan,11,91414,91245,
2025,4,hadjar,12,91591,91271,
2025,4,alonso,13,91634,91886,
2025,4,ocon,14,91594,,
2025,4,albon,15,92040,,
2025,4,hulkenberg,16,92067,,
2025,4,lawson,17,92165,,
2025,4,bortoleto,18,92186,,
2025,4,stroll,19,92283,,
2025,4,bearman,20,92373,,
2025,5,max_verstappen,1,87778,87529,87294
2025,5,piastri,2,87901,87545,87304
2025,5,russell,3,88282,87599,87407
2025,5,leclerc,4,88552,87866,87670
2025,5,antonelli,5,88128,87798,87866
2025,5,sainz,6,88354,88024,88164
2025,5,hamilton,7,88372,88102,88201
2025,5,tsunoda,8,88226,87990,88204
2025,5,gasly,9,88421,88025,88367
2025,5,norris,10,87805,87481,
2025,5,albon,11,88279,88109,
2025,5,lawson,12,88561,88191,
2025,5,alonso,13,88548,88303,
2025,5,hadjar,14,88571,88418,
2025,5,bearman,15,88536,88648,
2025,5,stroll,16,88645,,
2025,5,doohan,17,88739,,
2025,5,hulkenberg,18,88782,,
2025,5,ocon,19,89092,,
2025,5,bortoleto,20,89462,,
2025,6,max_verstappen,1,86870,86643,86204
2025,6,norris,2,86955,86499,86269
2025,6,antonelli,3,87077,86606,86271
2025,6,piastri,4,87006,86269,86375
2025,6,russell,5,87014,86575,86385
2025,6,sainz,6,87098,86847,86569
2025,6,albon,7,87042,86855,86682
2025,6,leclerc,8,87417,86948,86754
2025,6,ocon,9,87450,86967,86824
2025,6,tsunoda,10,87298,86959,86943
2025,6,hadjar,11,87301,86987,
2025,6,hamilton,12,87279,87006,
2025,6,bortoleto,13,87343,87151,
2025,6,doohan,14,87422,87186,
2025,6,lawson,15,87444,87363,
2025,6,hulkenberg,16,87473,,
2025,6,alonso,17,87604,,
2025,6,gasly,18,87710,,
2025,6,stroll,19,87830,,
2025,6,bearman,20,87999,,
2025,7,piastri,1,75500,75214,74670
2025,7,max_verstappen,2,75175,75394,74704
2025,7,russell,3,75852,75334,74807
2025,7,norris,4,75894,75261,74962
2025,7,alonso,5,75695,75442,75431
2025,7,sainz,6,75987,75198,75432
2025,7,albon,7,76123,75521,75473
2025,7,stroll,8,75817,75497,75581
2025,7,hadjar,9,76253,75510,75746
2025,7,gasly,10,75937,75505,75787
2025,7,leclerc,11,76108,75604,
2025,7,hamilton,12,76163,75765,
2025,7,antonelli,13,75943,75772,
2025,7,bortoleto,14,76340,76260,
2025,7,colapinto,15,76256,,
2025,7,lawson,16,76379,,
2025,7,hulkenberg,17,76518,,
2025,7,ocon,18,76613,,
2025,7,bearman,19,76918,,
2025,7,tsunoda,20,,,
2025,8,norris,1,71285,70570,69954
2025,8,leclerc,2,71229,70581,70063
2025,8,piastri,3,71308,70858,70129
2025,8,hamilton,4,71575,70883,70382
2025,8,max_verstappen,5,71431,70875,70669
2025,8,hadjar,6,71811,71040,70923
2025,8,alonso,7,71674,71182,70924
2025,8,ocon,8,71839,71262,70942
2025,8,lawson,9,71818,71250,71129
2025,8,albon,10,71629,70732,71213
2025,8,sainz,11,71707,71362,
2025,8,tsunoda,12,71800,71415,
2025,8,hulkenberg,13,71871,71596,
2025,8,russell,14,71507,,
2025,8,antonelli,15,71880,,
2025,8,bortoleto,16,71902,,
2025,8,bearman,17,71979,,
2025,8,gasly,18,71994,,
2025,8,stroll,19,72563,,
2025,8,colapinto,20,72597,,
2025,9,piastri,1,72551,71998,71546
2025,9,norris,2,72799,72056,71755
2025,9,max_verstappen,3,72798,72358,71848
2025,9,russell,4,72806,72407,71848
2025,9,hamilton,5,73058,72447,72045
2025,9,antonelli,6,72815,72585,72111
2025,9,leclerc,7,73014,72495,72131
2025,9,gasly,8,73081,72611,72199
2025,9,hadjar,9,73139,72461,72252
2025,9,alonso,10,73102,72523,72284
2025,9,albon,11,73044,72641,
2025,9,bortoleto,12,73045,72756,
2025,9,lawson,13,73039,72763,
2025,9,stroll,14,73038,73058,
2025,9,bearman,15,73074,73315,
2025,9,hulkenberg,16,73190,,
2025,9,ocon,17,73201,,
2025,9,sainz,18,73203,,
2025,9,colapinto,19,73334,,
2025,9,tsunoda,20,73385,,
2025,10,russell,1,72075,71570,70899
2025,10,max_verstappen,2,72054,71638,71059
2025,10,piastri,3,71939,71715,71120
2025,10,antonelli,4,72279,71974,71391
2025,10,hamilton,5,71952,71885,71526
2025,10,alonso,6,72073,71805,71586
2025,10,norris,7,71826,71599,71625
2025,10,leclerc,8,72038,71626,71682
2025,10,hadjar,9,72211,72003,71867
2025,10,albon,10,72090,71892,71907
2025,10,tsunoda,11,72334,72102,
2025,10,colapinto,12,72234,72142,
2025,10,hulkenberg,13,72323,72183,
2025,10,bearman,14,72306,72340,
2025,10,ocon,15,72378,72634,
2025,10,bortoleto,16,72385,,
2025,10,sainz,17,72398,,
2025,10,stroll,18,72517,,
2025,10,lawson,19,72525,,
2025,10,gasly,20,72667,,
